{
  "rel_l2_u": 0.028247088193893433,
  "rel_l2_v": 0.023674095049500465,
  "rel_l2_p": 0.04233520105481148,
  "lambda_1": 0.9499151706695557,
  "lambda_2": 0.009578063152730465,
  "lambda_1_abs_error": 0.050084829330444336,
  "lambda_2_abs_error": 0.00042193684726953527,
  "pde_residual_mse": 0.0004673652583733201,
  "continuity_mse": 0.00015672875451855361,
  "model": "fcn",
  "run_name": "data_fcn_n5000",
  "n_obs": 5000,
  "noise_std": 0.0,
  "train_t_max": 1.0,
  "steps": 3000,
  "train_seconds": 53.804967200005194,
  "peak_gpu_mb": 208.04638671875
}