{
  "rel_l2_u": 0.0646277666091919,
  "rel_l2_v": 0.06745892018079758,
  "rel_l2_p": 0.09978105872869492,
  "lambda_1": 0.9436859488487244,
  "lambda_2": 0.009231404401361942,
  "lambda_1_abs_error": 0.056314051151275635,
  "lambda_2_abs_error": 0.0007685955986380579,
  "pde_residual_mse": 0.001748755224980414,
  "continuity_mse": 0.00044767383951693773,
  "model": "fcn",
  "run_name": "data_fcn_n500",
  "n_obs": 500,
  "noise_std": 0.0,
  "train_t_max": 1.0,
  "steps": 3000,
  "train_seconds": 52.48624820000259,
  "peak_gpu_mb": 206.37451171875
}