{
  "rel_l2_u": 0.034759633243083954,
  "rel_l2_v": 0.05205187946557999,
  "rel_l2_p": 0.07349977642297745,
  "lambda_1": 0.9277376532554626,
  "lambda_2": 0.008294067345559597,
  "lambda_1_abs_error": 0.07226234674453735,
  "lambda_2_abs_error": 0.0017059326544404032,
  "pde_residual_mse": 0.000889702932909131,
  "continuity_mse": 0.00027111038798466325,
  "model": "fcn",
  "run_name": "data_fcn_n1000",
  "n_obs": 1000,
  "noise_std": 0.0,
  "train_t_max": 1.0,
  "steps": 3000,
  "train_seconds": 52.41772920000949,
  "peak_gpu_mb": 207.88427734375
}