{
  "rel_l2_u": 0.04224675893783569,
  "rel_l2_v": 0.04349431395530701,
  "rel_l2_p": 0.09564986824989319,
  "lambda_1": 0.8847103714942932,
  "lambda_2": 0.008585965260863304,
  "lambda_1_abs_error": 0.11528962850570679,
  "lambda_2_abs_error": 0.001414034739136696,
  "pde_residual_mse": 0.0024316483177244663,
  "continuity_mse": 0.0010591823374852538,
  "model": "fcn",
  "run_name": "time_fcn_0p5",
  "n_obs": 5000,
  "noise_std": 0.0,
  "train_t_max": 0.5,
  "steps": 3000,
  "train_seconds": 53.27950279999641,
  "peak_gpu_mb": 211.11279296875
}