{
  "rel_l2_u": 0.031230611726641655,
  "rel_l2_v": 0.03551464155316353,
  "rel_l2_p": 0.06443342566490173,
  "lambda_1": 0.9591363668441772,
  "lambda_2": 0.009621305391192436,
  "lambda_1_abs_error": 0.040863633155822754,
  "lambda_2_abs_error": 0.000378694608807564,
  "pde_residual_mse": 0.000571159936953336,
  "continuity_mse": 0.00019446868100203574,
  "model": "fcn",
  "run_name": "noise_fcn_0p01",
  "n_obs": 5000,
  "noise_std": 0.01,
  "train_t_max": 1.0,
  "steps": 3000,
  "train_seconds": 52.50102249998599,
  "peak_gpu_mb": 211.17041015625
}