{
  "rel_l2_u": 0.04518993943929672,
  "rel_l2_v": 0.03795042261481285,
  "rel_l2_p": 0.07537128031253815,
  "lambda_1": 0.9559769630432129,
  "lambda_2": 0.008586475625634193,
  "lambda_1_abs_error": 0.04402303695678711,
  "lambda_2_abs_error": 0.0014135243743658068,
  "pde_residual_mse": 0.0010953749297186732,
  "continuity_mse": 0.0002564090536907315,
  "model": "fcn",
  "run_name": "noise_fcn_0p1",
  "n_obs": 5000,
  "noise_std": 0.1,
  "train_t_max": 1.0,
  "steps": 3000,
  "train_seconds": 53.5126556000032,
  "peak_gpu_mb": 211.17041015625
}