{
  "rel_l2_u": 0.0466066338121891,
  "rel_l2_v": 0.04547594487667084,
  "rel_l2_p": 0.07574310153722763,
  "lambda_1": 0.9044715166091919,
  "lambda_2": 0.008803323842585087,
  "lambda_1_abs_error": 0.0955284833908081,
  "lambda_2_abs_error": 0.0011966761574149134,
  "pde_residual_mse": 0.0010633788770064712,
  "continuity_mse": 0.000549041316844523,
  "model": "fcn",
  "run_name": "time_fcn_0p75",
  "n_obs": 5000,
  "noise_std": 0.0,
  "train_t_max": 0.75,
  "steps": 3000,
  "train_seconds": 53.11329090001527,
  "peak_gpu_mb": 211.11279296875
}