{
  "rel_l2_u": 0.07017474621534348,
  "rel_l2_v": 0.07345107942819595,
  "rel_l2_p": 0.18737398087978363,
  "lambda_1": 0.7803937196731567,
  "lambda_2": 0.00832908321171999,
  "lambda_1_abs_error": 0.21960628032684326,
  "lambda_2_abs_error": 0.0016709167882800104,
  "pde_residual_mse": 0.007233113050460815,
  "continuity_mse": 0.0048181163147091866,
  "model": "fcn",
  "run_name": "time_fcn_0p35",
  "n_obs": 5000,
  "noise_std": 0.0,
  "train_t_max": 0.35,
  "steps": 3000,
  "train_seconds": 52.794599099986954,
  "peak_gpu_mb": 211.11279296875
}