{
  "rel_l2_u": 0.04221884533762932,
  "rel_l2_v": 0.0573519691824913,
  "rel_l2_p": 0.06507702171802521,
  "lambda_1": 0.9901872873306274,
  "lambda_2": 0.008658654056489468,
  "lambda_1_abs_error": 0.009812712669372559,
  "lambda_2_abs_error": 0.0013413459435105326,
  "pde_residual_mse": 0.0010144494008272886,
  "continuity_mse": 0.0005222413456067443,
  "model": "fcn",
  "run_name": "arch_fcn",
  "n_obs": 5000,
  "noise_std": 0.0,
  "train_t_max": 1.0,
  "steps": 4000,
  "train_seconds": 70.35730980001972,
  "peak_gpu_mb": 211.11279296875
}