{
  "rel_l2_u": 0.03931690379977226,
  "rel_l2_v": 0.033278778195381165,
  "rel_l2_p": 0.07889354228973389,
  "lambda_1": 0.9522175788879395,
  "lambda_2": 0.008934617973864079,
  "lambda_1_abs_error": 0.04778242111206055,
  "lambda_2_abs_error": 0.0010653820261359217,
  "pde_residual_mse": 0.0007846803637221456,
  "continuity_mse": 0.0002057738311123103,
  "model": "fcn",
  "run_name": "time_fcn_1",
  "n_obs": 5000,
  "noise_std": 0.0,
  "train_t_max": 1.0,
  "steps": 3000,
  "train_seconds": 52.98115519998828,
  "peak_gpu_mb": 211.11279296875
}