{
  "rel_l2_u": 0.04869147390127182,
  "rel_l2_v": 0.047761786729097366,
  "rel_l2_p": 0.06865528225898743,
  "model": "fno",
  "run_name": "resolution_fno_g32",
  "n_obs": 4096,
  "noise_std": 0.0,
  "train_t_max": 1.0,
  "steps": 3000,
  "train_seconds": 16.24648120001075,
  "peak_gpu_mb": 56.91259765625,
  "lambda_1": null,
  "lambda_2": null,
  "lambda_1_abs_error": null,
  "lambda_2_abs_error": null,
  "pde_residual_mse": null,
  "continuity_mse": null
}