{
  "rel_l2_u": 0.018046477809548378,
  "rel_l2_v": 0.017885733395814896,
  "rel_l2_p": 0.04051616042852402,
  "lambda_1": 0.6274804472923279,
  "lambda_2": 0.016492625698447227,
  "lambda_1_abs_error": 0.3725195527076721,
  "lambda_2_abs_error": 0.006492625698447227,
  "pde_residual_mse": 0.055556416511535645,
  "continuity_mse": 0.003398398868739605,
  "model": "siren",
  "run_name": "data_siren_n5000",
  "n_obs": 5000,
  "noise_std": 0.0,
  "train_t_max": 1.0,
  "steps": 3000,
  "train_seconds": 39.855717500002356,
  "peak_gpu_mb": 129.1669921875
}