{
  "rel_l2_u": 0.1107221469283104,
  "rel_l2_v": 0.06720200926065445,
  "rel_l2_p": 0.12390856444835663,
  "lambda_1": 0.9564222693443298,
  "lambda_2": 0.008873765356838703,
  "lambda_1_abs_error": 0.043577730655670166,
  "lambda_2_abs_error": 0.001126234643161297,
  "pde_residual_mse": 0.0028798202984035015,
  "continuity_mse": 0.0007568416185677052,
  "model": "fcn",
  "run_name": "noise_fcn_0p05",
  "n_obs": 5000,
  "noise_std": 0.05,
  "train_t_max": 1.0,
  "steps": 3000,
  "train_seconds": 52.86554369999794,
  "peak_gpu_mb": 211.17041015625
}