{
  "rel_l2_u": 0.03912373259663582,
  "rel_l2_v": 0.06772641092538834,
  "rel_l2_p": 0.06483921408653259,
  "lambda_1": 0.9506730437278748,
  "lambda_2": 0.00839641597121954,
  "lambda_1_abs_error": 0.049326956272125244,
  "lambda_2_abs_error": 0.0016035840287804606,
  "pde_residual_mse": 0.0012989663518965244,
  "continuity_mse": 0.0003849174827337265,
  "model": "fcn",
  "run_name": "data_fcn_n2500",
  "n_obs": 2500,
  "noise_std": 0.0,
  "train_t_max": 1.0,
  "steps": 3000,
  "train_seconds": 52.6895366999961,
  "peak_gpu_mb": 207.98876953125
}