{
  "rel_l2_u": 0.020089484751224518,
  "rel_l2_v": 0.01924719475209713,
  "rel_l2_p": 0.03520927578210831,
  "lambda_1": 0.7007728219032288,
  "lambda_2": 0.01634642481803894,
  "lambda_1_abs_error": 0.29922717809677124,
  "lambda_2_abs_error": 0.00634642481803894,
  "pde_residual_mse": 0.09323802590370178,
  "continuity_mse": 0.006419285666197538,
  "model": "siren",
  "run_name": "time_siren_0p75",
  "n_obs": 5000,
  "noise_std": 0.0,
  "train_t_max": 0.75,
  "steps": 3000,
  "train_seconds": 39.49036760002491,
  "peak_gpu_mb": 132.2333984375
}