{
  "rel_l2_u": 0.055130891501903534,
  "rel_l2_v": 0.03794357553124428,
  "rel_l2_p": 0.08122719079256058,
  "lambda_1": 0.9483329653739929,
  "lambda_2": 0.008293751627206802,
  "lambda_1_abs_error": 0.05166703462600708,
  "lambda_2_abs_error": 0.0017062483727931978,
  "pde_residual_mse": 0.0009543090127408504,
  "continuity_mse": 0.0002964308368973434,
  "model": "fcn",
  "run_name": "data_fcn_n10000",
  "n_obs": 10000,
  "noise_std": 0.0,
  "train_t_max": 1.0,
  "steps": 3000,
  "train_seconds": 53.102188499993645,
  "peak_gpu_mb": 208.16064453125
}